accessibility-jst-mountaindrive;accessibility;JST Mountain Drive;JST-Mountaindrive;JST Mountain Drive;JST Mountain Drive;2025-10-03T16:34:25.9794973+00:00
accessibility-swisstrack;accessibility;Swisstrack;Swisstrack;Swisstrack;Swisstrack;2025-10-03T16:34:28.1102685+00:00
accessibility-visual-impairment;accessibility;Visual impairment;Sehbehinderung;Déficience visuelle;Disabilità visiva;2025-03-31T09:14:09.3138602+00:00
accessibility-walking-only-less-than-10mins;accessibility;only reachable on foot-less-than-10min;nur zu Fuss erreichbar-weniger-als-10min;Accessible uniquement à pied à moins de 10 minutes;raggiungibile solo a piedi - meno di 10 minuti;2025-03-31T09:14:09.3821594+00:00
accessibility-walking-only-more-than-10mins;accessibility;only within walking distance-more-than-10min;nur zu Fuss erreichbar-mehr-als-10min;seulement à distance de marche-plus-de-10min;solo a pochi passi-più-di-10 minuti;2025-03-31T09:14:09.5131477+00:00
accessibility-walking-time-unknown;accessibility;only accessible on foot-no time;nur zu Fuss erreichbar-keine Zeitangabe;Accessible uniquement à pied, pas de temps;accessibile solo a piedi, senza tempo;2025-03-31T09:14:09.5184699+00:00
accessibility-wheelchair-accessible;accessibility;Wheelchair accessible;rollstuhlgängig;Accessible en fauteuil roulant;Accessibile ai disabili;2025-03-31T09:14:09.6716846+00:00
accessibility-wheelchair-inaccessbile;accessibility;not wheelchair accessible;nicht rollstuhlgängig;Non accessible en fauteuil roulant;non accessibile in sedia a rotelle;2025-03-31T09:14:09.8818418+00:00
accomodation-breakfastonly;accomodation;breakfast only;nur Frühstück;Petit-déjeuner seulement;solo colazione;2025-01-08T09:52:50.6694999+00:00
accomodation-groups;accomodation;Group accommodation;Gruppenunterkunft;Hébergement de groupe;Alloggi per gruppi;2025-03-31T09:14:09.9235745+00:00
atmosphere-alternativ-arty;atmosphere;Alternative Arty;Alternativ-Arty;Arty alternatif;Alternative Arty;2025-09-23T12:47:34.1286917+00:00
atmosphere-comedy;atmosphere;Comedy;comedy;Comédie;Commedia;2025-03-31T09:14:11.3763024+00:00
atmosphere-cool-and-trendy;atmosphere;trendy-hip;szenig-angesagt;branché-branché;trendy-hip;2025-03-31T09:14:16.1919957+00:00
atmosphere-cultural-and-inspiring;atmosphere;culturally inspiring;kulturell-inspirierend;Culturellement inspirant;Culturalmente stimolante;2025-03-31T09:14:17.0386654+00:00
atmosphere-glamurous-and-chic;atmosphere;Glam-chic;glam-chic;Glam-chic;Glam-chic;2025-03-31T09:14:17.4488092+00:00
atmosphere-lgbtq;atmosphere;LGBTQ;lgbtq;LGBTQ;LGBTQ;2025-03-31T09:18:06.5107384+00:00
atmosphere-lively-and-cheerful;atmosphere;cheerful and exuberant;fröhlich-ausgelassen;Gai et exubérant;allegro ed esuberante;2025-03-31T09:14:19.0847162+00:00
atmosphere-relaxed-and-cosy;atmosphere;relaxed and cosy;entspannt-gemütlich;Détendu et confortable;rilassato e accogliente;2025-03-31T09:14:20.6113525+00:00
atmosphere-traditional;atmosphere;traditional;traditionell;traditionnel;tradizionale;2025-03-31T09:14:22.292001+00:00
atmosphere;atmosphere;Mood;Stimmung;Humeur;Umore;2025-03-31T09:20:33.9232696+00:00
audience-age-10;audience-age;From 10 years;Ab 10 Jahre;A partir de 10 ans;Da 10 anni;2025-03-31T09:14:22.9221285+00:00
audience-age-11;audience-age;From 11 years;Ab 11 Jahre;A partir de 11 ans;Da 11 anni;2025-03-31T09:14:29.026823+00:00
audience-age-12;audience-age;From 12 years;Ab 12 Jahre;A partir de 12 ans;Da 12 anni;2025-03-31T09:14:30.4399614+00:00
audience-age-13;audience-age;From 13 years;Ab 13 Jahre;A partir de 13 ans;Da 13 anni;2025-03-31T09:14:36.9065189+00:00
audience-age-14;audience-age;From 14 years;Ab 14 Jahre;A partir de 14 ans;Dai 14 anni;2025-03-31T09:14:54.7575321+00:00
audience-age-15;audience-age;From 15 years;Ab 15 Jahre;A partir de 15 ans;Dai 15 anni;2025-03-31T09:15:03.9914763+00:00
audience-age-16;audience-age;From 16 years;Ab 16 Jahre;A partir de 16 ans;Dai 16 anni;2025-03-31T09:15:33.2576971+00:00
audience-age-17;audience-age;From 17 years;Ab 17 Jahre;A partir de 17 ans;Dai 17 anni;2025-03-31T09:15:52.6918818+00:00
audience-age-18;audience-age;From 18 years;Ab 18 Jahre;A partir de 18 ans;Dai 18 anni;2025-03-31T09:15:53.2191796+00:00
audience-age-6;audience-age;From 6 years;Ab 6 Jahre;A partir de 6 ans;Dai 6 anni;2025-03-31T09:16:02.3543281+00:00
audience-age-8;audience-age;From 8 years;Ab 8 Jahre;A partir de 8 ans;Da 8 anni;2025-03-31T09:16:03.351316+00:00
audience-age-till-12;audience-age;up to 12 years;bis 12 Jahre;jusqu’à 12 ans;fino a 12 anni;2025-03-31T09:16:14.4166531+00:00
audience-age-till-16;audience-age;up to 16 years;bis 16 Jahre;jusqu’à 16 ans;fino a 16 anni;2025-03-31T09:16:14.0061293+00:00
audience-group-adults;audience-group;Adults;Erwachsene;Adulte;Adulti;2025-03-31T09:16:17.0095132+00:00
audience-group-children;audience-group;Children;Kinder;Enfants;Bambini;2025-03-31T09:16:34.0648755+00:00
audience-group-family;audience-group;Families;Familien;Famille;Famiglie;2025-03-31T09:16:58.5267446+00:00
audience-group-female;audience-group;Women;Frauen;Femme;Donne;2025-03-31T09:16:53.072787+00:00
audience-group-handicaped;audience-group;People with disabilities;Menschen mit Behinderungen;Personnes handicapées;Persone con disabilità;2025-03-31T09:17:09.9618319+00:00
audience-group-infants;audience-group;Infants up to approx. 6 years;Kleinkinder bis ca. 6 Jahre;Nourrissons jusqu’à environ 6 ans;Neonati fino a circa 6 anni;2025-03-31T09:17:13.2357284+00:00
audience-group-male;audience-group;Men;Männer;Hommes;Uomini;2025-03-31T09:17:43.3079848+00:00
audience-group-parents;audience-group;Parents;Eltern;Parents;Genitori;2025-03-31T09:17:45.6977852+00:00
audience-group-seniors;audience-group;Seniors;Senioren;Aînés;Anziani;2025-03-31T09:17:48.0181957+00:00
audience-group-lgbt;audience-group;LGBT+;LGBT+;LGBT+;LGBT+;2025-03-31T09:17:40.5591929+00:00
audience-group-singles;audience-group;Alleinstehende_Singles;Alleinstehende_Singles;Alleinstehende_Singles;Alleinstehende_Singles;2025-03-31T09:17:53.9037144+00:00
audience-group-students;audience-group;Students;Studenten;Étudiants;Studenti;2025-03-31T09:18:05.9563745+00:00
audience-group-youth;audience-group;Adolescent;Jugendliche;Adolescent;Adolescente;2025-03-31T09:18:09.3503757+00:00
audience-info-age;audience-info;Rating;Altersfreigabe;Notation;Valutazione;2025-03-31T09:18:30.1248646+00:00
audience-info-all;audience-info;Open to all;Offen für alle;Ouvert à tous;Aperto a tutti;2025-03-31T09:18:30.7518193+00:00
audience-info-children;audience-info;Also recommended for children;Auch für Kinder empfehlenswert;Également recommandé pour les enfants;Consigliato anche per i bambini;2025-03-31T09:18:42.7130687+00:00
audience-info-groups;audience-info;Also suitable for groups / companies (special offers);Auch für Gruppen / Firmen geeignet (Spezialangebote);Convient également aux groupes / entreprises (offres spéciales);Adatto anche per gruppi / aziende (offerte speciali);2025-03-31T09:19:10.7677287+00:00
audience-info-invitationonly;audience-info;By invitation;Auf Einladung;Sur invitation;Su invito;2025-03-31T09:19:08.5577405+00:00
audience-group-mixed;audience-group;Mixed (Men & Women);Gemischt (Männer & Frauen);Mixte (Hommes & Femmes);Misto (Uomini e Donne);2025-03-31T09:17:44.1922437+00:00
audience-info-membersonly;audience-info;For members only;Nur für Mitglieder;Pour les membres seulement;Solo per i membri;2025-03-31T09:19:46.8090418+00:00
audience-info-school;audience-info;Also suitable for school classes (special offers);Auch für Schulklassen geeignet (Spezialangebote);Convient également aux classes scolaires (offres spéciales);Adatto anche per scolaresche (offerte speciali);2025-03-31T09:19:48.3906772+00:00
audience-information-playtime-aftermidnight;audience-information-playtime;after midnight;nach Mitternacht;après minuit;dopo la mezzanotte;2025-03-31T09:20:24.9412347+00:00
audience-information-playtime-afternoon;audience-information-playtime;in the afternoon;nachmittags;dans l’après-midi;nel pomeriggio;2025-03-31T09:20:26.9494958+00:00
audience-information-playtime-evening;audience-information-playtime;only in the evening;nur abends;seulement le soir;solo la sera;2025-03-31T09:20:28.6450018+00:00
audience-information-playtime-lunchtime;audience-information-playtime;Only at noon;nur mittags;Seulement à midi;Solo a mezzogiorno;2025-03-31T09:20:33.3664133+00:00
audience-information-playtime-morning;audience-information-playtime;only in the morning;nur morgens;seulement le matin;solo al mattino;2025-03-31T09:20:32.8004214+00:00
audience-information-playtime-nocturne;audience-information-playtime;at midnight;um Mitternacht;à minuit;a mezzanotte;2025-03-31T09:20:47.7729035+00:00
distance-to-public-transport-station-less-than-100m;distance;Distance less than 100m to OeV;Distanz weniger als 100m zum OeV;Distance inférieure à 100m à OeV;Distanza meno di 100m da OeV;2025-03-31T09:20:43.4026031+00:00
distance-to-public-transport-station-less-than-10km;distance;Distance less than 10km to OeV;Distanz weniger als 10km zum OeV;Distance inférieure à 10km d’OeV;Distanza meno di 10km da OeV;2025-03-31T09:20:44.5440294+00:00
distance-to-public-transport-station-less-than-1km;distance;Distance less than 1km to OeV;Distanz weniger als 1km zum OeV;Distance inférieure à 1 km d’OeV;Distanza meno di 1km da OeV;2025-03-31T09:20:45.3983689+00:00
distance-to-public-transport-station-more-than-10km;distance;Distance more than 10km to OeV;Distanz mehr als 10km zum OeV;Distance de plus de 10 km à OeV;Distanza più di 10km da OeV;2025-03-31T09:20:44.9964679+00:00
distance-to-public-transport-station-more-than-1km;distance;Distance more than 1km to OeV;Distanz mehr als 1km zum OeV;Distance de plus de 1 km à OeV;Distanza più di 1 km da OeV;2025-03-31T09:20:50.9667653+00:00
distance-to-train-station-less-than-100m;distance;Distance less than 100m to the train station;Distanz weniger als 100m zum Bahnhof;Distance inférieure à 100m de la gare;Distanza meno di 100m dalla stazione ferroviaria;2025-03-31T09:20:49.8167271+00:00
distance-to-train-station-less-than-10km;distance;Distance less than 10km to the train station;Distanz weniger als 10km zum Bahnhof;Distance inférieure à 10 km de la gare;Distanza meno di 10km dalla stazione ferroviaria;2025-03-31T09:20:50.5415822+00:00
distance-to-train-station-less-than-1km;distance;Distance less than 1km to the train station;Distanz weniger als 1km zum Bahnhof;Distance inférieure à 1 km de la gare;Distanza meno di 1km dalla stazione ferroviaria;2025-03-31T09:20:51.4068358+00:00
distance-to-train-station-more-than-10km;distance;Distance more than 10km to the train station;Distanz mehr als 10km zum Bahnhof;Distance plus de 10 km de la gare;Distanza più di 10km dalla stazione ferroviaria;2025-03-31T09:20:51.9599943+00:00
distance-to-train-station-more-than-1km;distance;Distance more than 1km to the train station;Distanz mehr als 1km zum Bahnhof;Distance à plus de 1 km de la gare;Distanza più di 1 km dalla stazione ferroviaria;2025-03-31T09:20:56.9519382+00:00
duration-1-2-hours;duration;Duration 1-2 hours;Dauer 1-2 Stunden;Durée 1-2 heures;Durata 1-2 ore;2025-03-31T09:20:56.9204032+00:00
duration-1-3-hours;duration;Duration 1-3 hours;Dauer 1-3 Stunden;Durée 1-3 heures;Durata 1-3 ore;2025-03-31T09:20:53.691487+00:00
duration-3-5-hours;duration;Duration 3-5 hours;Dauer 3-5 Stunden;Durée 3-5 heures;Durata 3-5 ore;2025-03-31T09:20:58.6177912+00:00
duration-4-6-hours;duration;Duration 4-6 hours;Dauer 4-6 Stunden;Durée 4-6 heures;Durata 4-6 ore;2025-03-31T09:21:30.5561949+00:00
duration-full-day;duration;Duration all day;Dauer ganztägig;Durée toute la journée;Durata tutto il giorno;2025-03-31T09:21:41.6132014+00:00
duration-multiple-days;duration;Duration of several days;Dauer mehrtägig;Durée de plusieurs jours;Durata di più giorni;2025-03-31T09:20:59.8345087+00:00
duration-half-day;duration;Duration half day;Dauer halbtags;Durée demi-journée;Durata mezza giornata;2025-03-31T09:21:32.1404634+00:00
genre-3d;genre;.3D;3D;..3D;..3D;2025-03-31T09:20:59.2367004+00:00
genre-action;genre;Action;Action;Action;Azione;2025-03-31T09:30:15.0571935+00:00
genre-scifi;genre;Science fiction;Science-Fiction;Science-fiction;Fantascienza;2025-03-31T09:21:02.7817539+00:00
genre-adventure;genre;Adventure;Abenteuer;Aventure;Avventura;2025-03-31T09:21:03.3727702+00:00
genre-ballet;genre;Ballet;Ballett;Ballet;Balletto;2025-03-31T09:21:04.1473724+00:00
genre-biography;genre;Biography;Biografie;Biographie;Biografia;2025-03-31T09:21:06.2536286+00:00
genre-blackandwhite;genre;Black;Schwarzweiss;Noir;Nero;2025-03-31T09:21:10.4883474+00:00
genre-cartoon;genre;Animation;Trickfilm;Animation;Animazione;2025-03-31T09:21:08.3428164+00:00
genre-children;genre;Children's film;Kinderfilm;Film pour enfants;Film per bambini;2025-03-31T09:21:10.9793319+00:00
genre-classicfilms;genre;Movie classics;Filmklassiker;Classiques du cinéma;Classici del cinema;2025-03-31T09:21:12.7596066+00:00
genre-comedy;genre;Comedy;Komödie;Comédie;Commedia;2025-03-31T09:21:13.3148869+00:00
genre-documentary;genre;Documentation;Dokumentation;Documentation;Documentazione;2025-03-31T09:21:14.7976185+00:00
genre-disaster;genre;Calamities;Katastrophen;Calamités;Calamità;2025-03-31T09:21:14.1719083+00:00
genre-erotic_adultsonly;genre;Eroticism;Erotik;Érotisme;Erotismo;2025-03-31T09:21:16.429538+00:00
genre-drama;genre;Drama;Drama;Drame;Dramma;2025-03-31T09:21:14.5769+00:00
genre-experimental;genre;Experimental film;Experimentalfilm;Film expérimental;Film sperimentale;2025-03-31T09:21:17.9294123+00:00
genre-family;genre;Family film;Familienfilm;Film familial;Film per famiglie;2025-03-31T09:21:20.0216485+00:00
genre-fantasy;genre;Fantasy;Fantasy;Fantaisie;Fantasia;2025-03-31T09:21:20.4110197+00:00
genre-history;genre;Historical;Historisch;Historique;Storico;2025-03-31T09:21:20.779226+00:00
genre-home;genre;Heimatfilm;Heimatfilm;Heimatfilm;Heimatfilm;2025-03-31T09:21:20.8700177+00:00
genre-horror;genre;Horror;Horror;Horreur;Orrore;2025-03-31T09:21:22.3430502+00:00
genre-musical;genre;Musical;Musical;Musical;Musicale;2025-03-31T09:21:22.7362361+00:00
genre-lunchmovie;genre;Lunch cinema;Lunchkino;Déjeuner cinéma;Pranzo cinema;2025-03-31T09:21:22.3228478+00:00
genre-musicfilm;genre;Music film;Musikfilm;Film musical;Film musicale;2025-03-31T09:21:22.7869092+00:00
genre-mystery;genre;Mystery;Mystery;Mystère;Mistero;2025-03-31T09:21:24.5090696+00:00
genre-opera;genre;Opera;Oper;Opéra;Opera;2025-03-31T09:21:24.9271793+00:00
genre-others;genre;Other genres;Weitere Genres;Autres genres;Altri generi;2025-03-31T09:21:26.9754503+00:00
genre-prelaunch;genre;Preview;Vorpremiere;Aperçu;Anteprima;2025-03-31T09:21:28.0980873+00:00
genre-premiere;genre;Premiere;Premiere;Première;Prima;2025-03-31T09:21:28.683143+00:00
genre-problem;genre;Problem film;Problemfilm;Film problématique;Film problematico;2025-03-31T09:22:25.3542836+00:00
genre-roadmovie;genre;Road Movie;Road Movie;Road Movie;Road Movie;2025-03-31T09:21:30.1597597+00:00
genre-short;genre;Short film;Kurzfilm;Court-métrage;Cortometraggio;2025-03-31T09:21:36.0903237+00:00
genre-romance;genre;Romance;Romanze;Romance;Romanzo;2025-03-31T09:21:34.9659694+00:00
genre-silentmovie;genre;Silent film;Stummfilm;Film muet;Film muti;2025-03-31T09:21:35.5840973+00:00
genre-special_filmnoir;genre;Film noir;Film noir;Film noir;Film noir;2025-03-31T09:21:36.0351668+00:00
genre-sport;genre;Sport;Sport;Sport;Sport;2025-03-31T09:22:18.1383985+00:00
genre-studiomovie;genre;Studio film;Studiofilm;Film de studio;Film in studio;2025-03-31T09:21:36.4564224+00:00
genre-theatermovie;genre;Theatrical film;Theaterfilm;Film théâtral;Film teatrale;2025-03-31T09:21:36.483845+00:00
genre-thriller;genre;Detective story;Krimi;Histoire policière;Romanzo poliziesco;2025-03-31T09:21:36.9171001+00:00
genre-tragedy;genre;Tragicomedy;Tragikomödie;Tragicomédie;Tragicommedia;2025-03-31T09:21:37.9311598+00:00
genre-truestory;genre;True Story;True-Story;Histoire vraie;Storia vera;2025-03-31T09:21:37.9213048+00:00
genre-war;genre;War;Krieg;Guerre;Guerra;2025-03-31T09:21:37.4879486+00:00
genre-western;genre;Western;Western;Occidental;Occidentale;2025-03-31T09:21:41.1399845+00:00
literature;literature;literature;literatur;littérature;letteratura;2025-03-31T09:21:38.3937837+00:00
music-classic;music;Classical music;Klassik;Musique classique;Musica classica;2025-03-31T09:21:58.1905016+00:00
music-folk;music;Folk;Folk;Peuple;Popolo;2025-03-31T09:21:39.2831298+00:00
parking-covered;parking;Garage;Garage;Garage;Garage;2025-03-31T09:22:14.6948713+00:00
music-jazz-pop-rock;music;Jazz/Pop/Rock;Jazz/Pop/Rock;Jazz/Pop/Rock;Jazz/Pop/Rock;2025-03-31T09:22:00.7036687+00:00
parking-no;parking;No parking;Keine Parkiermöglichkeit;Stationnement interdit;Divieto di parcheggio;2025-03-31T09:22:15.6597592+00:00
parking-own-bus-chargeable;parking;Own paid parking for buses;eigenes Gebührenpflichtes Parking  für Busse;Propre parking payant pour les bus;Parcheggio privato a pagamento per gli autobus;2025-03-31T09:22:15.2709933+00:00
parking-own-bus-free;parking;own free parking for buses;eigenes Gratis Parking für Busse;propre parking gratuit pour les bus;proprio parcheggio gratuito per gli autobus;2025-03-31T09:22:24.9678002+00:00
parking-own-chargeable;parking;own paid parking;eigenes Gebührenpflichtes Parking;parking payant propre;parcheggio privato a pagamento;2025-03-31T09:22:21.996874+00:00
parking-own-free;parking;own free parking;eigenes Gratis Parking;Propre parking gratuit;parcheggio gratuito;2025-03-31T09:22:22.5601186+00:00
parking-own-mobilehome-chargeable;parking;Own parking for mobile homes;eigenes Gebührenpflichtes Parking  für Mobilhome;Parking propre pour mobil-homes;Parcheggio privato per case mobili;2025-03-31T09:22:23.3542393+00:00
parking-own-mobilehome-free;parking;own free parking for mobile homes;eigenes Gratis Parking für Mobilhome;Propre parking gratuit pour les mobil-homes;parcheggio gratuito per case mobili;2025-03-31T09:22:23.7374638+00:00
parking-public-bus-nearby-chargeable;parking;Paid parking for buses nearby;Gebührenpflichtes Parking für Busse in der Nähe;Parking payant pour les bus à proximité;Parcheggio a pagamento per autobus nelle vicinanze;2025-03-31T09:22:24.1464703+00:00
parking-public-bus-nearby-free;parking;Free parking for buses nearby;Gratis Parking für Busse in der Nähe;Parking gratuit pour les bus à proximité;Parcheggio gratuito per gli autobus nelle vicinanze;2025-03-31T09:23:58.3091498+00:00
parking-public-mobilehome-nearby-free;parking;Free parking for mobile homes nearby;Gratis Parking für Mobilhome in der Nähe;Parking gratuit pour mobil-homes à proximité;Parcheggio gratuito per case mobili nelle vicinanze;2025-03-31T09:24:00.396452+00:00
parking-public-mobilehome-nearby-chargeable;parking;Paid parking for mobile homes nearby;Gebührenpflichtes Parking für Mobilhome in der Nähe;Parking payant pour mobil-homes à proximité;Parcheggio a pagamento per case mobili nelle vicinanze;2025-03-31T09:23:58.8759515+00:00
parking-public-nearby-free;parking;Free parking nearby;Gratis Parking in der Nähe;Parking gratuit à proximité;Parcheggio gratuito nelle vicinanze;2025-03-31T09:24:00.9137164+00:00
parking-public-nearby-chargeable;parking;Paid parking nearby;Gebührenpflichtes Parking in der Nähe;Parking payant à proximité;Parcheggio a pagamento nelle vicinanze;2025-03-31T09:24:16.3625333+00:00
parking-valet;parking;Valet parking;Park-Service;Voiturier;Parcheggio;2025-03-31T09:22:24.5755475+00:00
profile-enjoyment-1;profile-enjoyment;Enjoyment low;Genuss niedrid;Plaisir niedrid;Piacere niedrid;2025-02-27T08:47:45.2597244+00:00
profile-mod-alone;profile;Alone;Allein;Seul;Solo;2025-06-28T07:37:13.6332204+00:00
profile-mod-couple;profile;Pair;Paar;Paire;Paio;2025-06-28T07:37:29.3606911+00:00
profile-season-summer;profile;Summer;Sommer;Été;Estate;2025-06-28T07:37:46.9934115+00:00
profile-season-winter;profile;Winter;Winter;Hiver;Inverno;2025-06-28T07:39:58.3017825+00:00
profile-sport-1;profile-sport;Sport low;Sport niedrig;Sports bas;Sport bassi;2025-02-24T12:59:13.7242114+00:00
reduction-apprentice;reduction;Apprentices;Lehrlinge;Apprentis;Apprendisti;2025-03-31T09:22:26.9110057+00:00
reduction-citycard;reduction;Reduction with tourism card;Reduktion mit Tourismuskarte;Réduction avec carte de tourisme;Riduzione con tessera turistica;2025-03-31T09:22:36.9511585+00:00
reduction-family;reduction;Families;Familen;Famille;Famiglie;2025-03-31T09:23:01.5060494+00:00
reduction-donations;reduction;Volunteer Contribution Donations;Freiwilligenbeitrag-Spenden;Dons de contributions bénévoles;Donazioni di contributi volontari;2025-03-31T09:22:39.6527374+00:00
reduction-free-till-16;reduction;Free admission for children up to 16 years;Gratiseintritte für Kinder bis 16 Jahre;Entrée gratuite pour les enfants jusqu’à 16 ans;Ingresso gratuito per ragazzi fino a 16 anni;2025-03-31T09:23:16.4114064+00:00
reduction-free-till-12;reduction;Free admission for children up to 12 years;Gratiseintritte für Kinder bis 12 Jahre;Entrée gratuite pour les enfants jusqu’à 12 ans;Ingresso gratuito per bambini fino a 12 anni;2025-03-31T09:23:03.6888293+00:00
reduction-free;reduction;Free admission;Gratiseintritte;Entrée libre;Ingresso libero;2025-03-31T09:23:33.0040506+00:00
reduction-free-till-6;reduction;Free admission for children up to 6 years;Gratiseintritte für Kinder bis 6 Jahre;Entrée gratuite pour les enfants jusqu’à 6 ans;Ingresso gratuito per bambini fino a 6 anni;2025-03-31T09:23:07.7754798+00:00
reduction-group;reduction;Groups;Gruppen;Groupe;Gruppi;2025-03-31T09:23:34.3722573+00:00
reduction-general;reduction;general reductions;generelle Reduktionen;Réductions générales;Riduzioni generali;2025-03-31T09:23:33.2117889+00:00
reduction-handicaped;reduction;Invalid;Invalide;Non valide;Non valido;2025-03-31T09:23:38.1217388+00:00
reduction-localpopulation;reduction;Local;Einheimische;Local;Locale;2025-03-31T09:23:46.8837757+00:00
reduction-membercard;reduction;Membership reduction;Mitgliederreduktion;Réduction du nombre de membres;Riduzione dell'iscrizione;2025-03-31T09:23:47.3484001+00:00
reduction-multipledaypass;reduction;Multi-day ticket reduction;Mehrtageskartenreduktion;Réduction de billets de plusieurs jours;Riduzione del biglietto di più giorni;2025-03-31T09:23:55.7419634+00:00
reduction-percentagebased;reduction;percentage reduction;prozentuale Ermässigung;pourcentage de réduction;riduzione percentuale;2025-03-31T09:23:54.897325+00:00
reduction-presale;reduction;Presale;Vorverkauf;Prévente;Prevendita;2025-03-31T09:23:58.6184476+00:00
reduction-seniors;reduction;Seniors;Senioren;Aînés;Anziani;2025-03-31T09:24:01.0319539+00:00
reduction-students;reduction;Students;Studenten;Étudiants;Studenti;2025-03-31T09:24:02.718176+00:00
reservation-online;reservation;Online reservation;Online-Reservation;Réservation en ligne;Prenotazione;2025-03-31T09:24:13.521043+00:00
seasonality-summer-only;seasonality;Summer season;Sommersaison;Saison estivale;Stagione estiva;2025-03-28T21:48:40.7429091+00:00
seasonality-winter-only;seasonality;Winter season;Wintersaison;Saison d’hiver;Stagione invernale;2025-03-28T21:48:42.344776+00:00
transport-mountainrailway;transport;Mountain railway ascent/descent;Bergbahnauf-/-abstieg;Ascension/descente du chemin de fer de montagne;Salita/discesa in montagna;2025-03-31T09:24:09.7830227+00:00
weather-conditions-dry-days;weather-conditions;Dry weather;Trockenwetter;Temps sec;Tempo asciutto;2025-03-31T09:24:09.4149469+00:00
weather-conditions-snow-days;weather-conditions;Snow;Schnee;Neige;Neve;2025-03-31T09:24:15.9059925+00:00
weather-conditions-wet-days;weather-conditions;Wet weather;Nasswetter;Pluvieux;Tempo piovoso;2025-03-31T09:24:17.2715727+00:00
accessibility-suitableforperambulators;accessibility;Stroller Friendly;kinderwagengerecht;Poussette amicale;Passeggino amichevole;2025-10-03T16:34:26.8032076+00:00
culinary-breakfast;culinary;Breakfast;Frühstück;Petit déjeuner;Colazione;2025-03-31T09:24:21.0787141+00:00
culinary-brunch;culinary;Brunch;Brunch;Brunch;Brunch;2025-03-31T09:25:13.0313901+00:00
culinary-dailyspecial;culinary;Specials of the day;Tagesspezialität;Spéciaux du jour;Offerte speciali del giorno;2025-03-31T09:24:17.0454535+00:00
culinary-dinner;culinary;Supper;Abendessen;Souper;Cena;2025-03-31T09:25:31.95705+00:00
culinary-cooktogether;culinary;Cooking together;Gemeinsam kochen;Cuisiner ensemble;Cucinare insieme;2025-03-31T09:25:31.0776092+00:00
culinary-dinnerwithprogram;culinary;Meals with program;Essen mit Programm;Repas avec programme;Pasti con programma;2025-03-31T09:25:36.112458+00:00
culinary-foodfestival;culinary;Food Festival;Food Festival;Festival gastronomique;Festa del cibo;2025-03-31T09:25:25.8888903+00:00
culinary-eattogether;culinary;Eating together;Gemeinsam essen;Manger ensemble;Mangiare insieme;2025-03-31T09:25:03.4289071+00:00
culinary-lunch;culinary;Lunch;Mittagessen;Déjeuner;Pranzo;2025-03-31T09:25:39.892703+00:00
culinary-seasonal;culinary;seasonal specialities;saisonale Spezialitäten;Spécialités de saison;Specialità stagionali;2025-03-31T09:25:48.4198416+00:00
culinary-tasting;culinary;Tasting;Degustation;Dégustation;Degustazione;2025-03-31T09:25:49.8923378+00:00
culinary-variousculinary;culinary;more culinary delights;weitere Kulinarik;Plus de délices culinaires;Altre delizie culinarie;2025-03-31T09:25:52.0714758+00:00
culinary-specialoccasions;culinary;special occasions;spezielle Anlässe;Occasions spéciales;Occasioni speciali;2025-03-31T09:24:59.3185416+00:00
general-dogfriendly;general;Dog friendly;hundefreundlich;Chien accepté;Dog friendly;2025-03-31T09:24:24.7529419+00:00
general-dining;general;Refreshments;Einkehrmöglichkeit;Rafraîchissements;Rinfreschi;2025-03-31T09:26:08.9392005+00:00
general-educational;general;instructive;lehrreich;instructif;istruttivo;2025-03-31T09:28:08.3327048+00:00
general-fireplace;general;Fire pit on the way;Feuerstelle unterwegs;Foyer sur le chemin;Pozzo del fuoco sulla strada;2025-03-31T09:28:13.516124+00:00
general-shopping;general;Shopping on the go;Einkaufsmöglichkeit unterwegs;Shopping en déplacement;Shopping in movimento;2025-03-31T09:25:30.6693785+00:00
general-publictoilet;general;public toilet on the way;öffentliche Toilette unterwegs;toilettes publiques sur le chemin;servizi igienici pubblici lungo la strada;2025-03-31T09:30:15.1921369+00:00
general-suitableforfamilies;general;family-friendly;familienfreundlich;Adapté aux familles;adatto alle famiglie;2025-03-31T09:25:53.4007649+00:00
general-playground;general;Playground on the way;Spielplatz unterwegs;Aire de jeux sur le chemin;Parco giochi lungo la strada;2025-03-31T09:25:16.4363907+00:00
incentive-quiz;incentive;with puzzles;mit Rätsel;avec des puzzles;con puzzle;2025-03-31T09:28:40.9873423+00:00
incentive-reward;incentive;with reward at the end;mit Belohnung am Ende;avec récompense à la fin;con ricompensa alla fine;2025-03-31T09:28:42.033017+00:00
profile-enjoyment-5;profile-enjoyment;Enjoyment high;Genuss hoch;Plaisir élevé;Piacere alto;2025-02-27T08:47:46.5467943+00:00
profile-sport-5;profile-sport;Sport high;Sport hoch;Sports high;Sport alto;2025-02-24T12:59:44.8599977+00:00
trail-looptour;trail;Tour;Rundtour;Tour;Viaggio;2025-03-31T09:28:21.8045427+00:00
trail-onewaytour;trail;Back and forth;Hin und zurück;Aller et retour;Andata e ritorno;2025-03-31T09:29:43.1564141+00:00
trail-scenic;trail;promising;aussichtsreich;prometteur;promettente;2025-03-31T09:24:28.165496+00:00
trail-multistagetour;trail;Stage tour;Etappentour;Tour d’étape;Tour di tappa;2025-03-31T09:28:42.9886568+00:00
trail-pointtopoint;trail;From A to B;Von A nach B;De A à B;Da A a B;2025-03-31T09:28:47.3402574+00:00
transport-publictransportfriendly;transport;accessible by public transport;mit dem ÖV erreichbar;Accessible par les transports en commun;raggiungibile con i mezzi pubblici;2025-03-31T09:26:07.8119844+00:00
proposed-by-editor;proposed;Editorially recommended;redaktionell empfohlen;Recommandation éditoriale;Editorialmente consigliato;2024-10-02T09:26:24.1416399+00:00
school-difficulty-level-difficult;school-difficulty-level;difficult for students;schwierig für Schüler;difficile pour les étudiants;difficile per gli studenti;2025-03-31T09:30:14.6437863+00:00
school-difficulty-level-easy;school-difficulty-level;simple-easy for students;einfach-leicht für Schüler;Simple-facile pour les étudiants;semplice-facile per gli studenti;2025-07-11T06:36:01.0355201+00:00
school-difficulty-level-medium;school-difficulty-level;medium difficult for students;mittelschwierig für Schüler;Moyen difficile pour les étudiants;medio difficile per gli studenti;2025-03-31T09:30:16.0098475+00:00
school-level-kindergarden;school-level;Kindergarten;Kindergarten;École maternelle;Scuola materna;2025-03-31T09:30:13.6490625+00:00
school-level-primary-fifth-sixth-grade;school-level;5th/6th primary class;5./6. Primarklasse;5ème/6ème classe primaire;5ª/6ª classe primaria;2025-07-09T14:11:22.4994754+00:00
school-level-primary-first-second-grade;school-level;1st/2nd primary class;1./2. Primarklasse;1ère/2ème classe primaire;1ª/2ª classe primaria;2025-03-31T09:30:19.6067541+00:00
school-level-primary-third-fourth-grade;school-level;3rd/4th primary class;3./4. Primarklasse;3ème/4ème classe primaire;3ª/4ª classe primaria;2025-07-09T14:11:17.8484533+00:00
schooltrip-category-action;schooltrip-category;Fun and action;Spass und Action;Amusement et action;Divertimento e azione;2025-03-31T09:30:15.5780004+00:00
schooltrip-category-animals;schooltrip-category;Animals;Tiere;Animaux;Animali;2025-03-31T09:30:17.941119+00:00
schooltrip-category-castles-monastery;schooltrip-category;Castles Castles Monasteries;Schlösser Burgen Klöster;Châteaux Châteaux Monastères;Castelli Castelli Monasteri;2025-03-31T09:30:22.8084181+00:00
schooltrip-category-history-and-culture;schooltrip-category;History and culture;Geschichte und Kultur;Histoire et culture;Storia e cultura;2025-07-09T14:11:14.1416799+00:00
schooltrip-category-museums;schooltrip-category;Museums;Museen;Musées;Musei;2025-07-09T14:11:26.7248508+00:00
schooltrip-category-nature-and-environment;schooltrip-category;Nature and environment;Natur und Umwelt;Nature et environnement;Natura e ambiente;2025-03-31T09:30:17.5278927+00:00
schooltrip-category-romans;schooltrip-category;Roman;Römer;Romain;Romano;2025-03-31T09:30:21.6006613+00:00
schooltrip-category-science;schooltrip-category;Science;Wissenschaft;Science;Scienza;2025-03-31T09:30:22.0500614+00:00
schooltrip-category-exercise-and-sport;schooltrip-category;Exercise and sport;Bewegung und Sport;Exercice et sport;Esercizio fisico e sport;2025-03-31T09:30:23.3485607+00:00
schooltrip-category-culture-at-school;schooltrip-category;Culture sets a precedent;Kultur macht Schule;La culture va à l’école;La cultura va a scuola;2025-03-31T09:30:23.3885301+00:00
school-level-secondary-first-grade;school-level;1. Secondary education;1. Sekundarstufe;1. Enseignement secondaire;1. Istruzione secondaria;2025-03-31T09:30:23.7405684+00:00
school-level-secondary-second-grade;school-level;2. Secondary education;2. Sekundarstufe;2. Enseignement secondaire;2. Istruzione secondaria;2025-10-03T16:34:48.4208933+00:00
profile-fun-1;profile-fun;Fun low;Spass niedrig;Fun bas;Divertimento basso;2025-02-24T12:54:12.5939229+00:00
profile-fun-5;profile-fun;Fun high;Spass hoch;Très amusant;Molto divertimento;2025-02-24T12:54:59.1104641+00:00
profile-relaxation-1;profile-relaxation;Relaxation low;Entspannung niedrig;Détente faible;Rilassamento basso;2025-02-24T12:59:08.9305975+00:00
profile-mod-group;profile;Group;Gruppe;Groupe;Gruppo;2025-06-28T07:37:16.6401975+00:00
profile-relaxation-5;profile-relaxation;Relaxation high;Entspannung hoch;Relaxation élevée;Rilassamento alto;2025-02-24T12:59:11.3608779+00:00
profile-tourist-recommendation-level-1;profile;Tourist recommendation level 1;Touristische Empfehlung-Stufe 1;Recommandation touristique niveau 1;Raccomandazione turistica livello 1;2025-06-28T07:41:36.5952876+00:00
culinary-gourmet;culinary;Gourmet;Gourmet;Gourmet;Buongustaio;2025-03-31T09:30:37.3877758+00:00
culinary-french;culinary;French;Französisch;Français;Francese;2025-03-31T09:30:37.1583347+00:00
culinary-local-specialities;culinary;Local specialities;Lokale Spezialitäten;Spécialités locales;Specialità locali;2025-03-31T09:30:43.5097673+00:00
culinary-italian;culinary;Italian;Italienisch;Italien;Italiano;2025-03-31T09:30:51.257688+00:00
culinary-indian;culinary;Indian;Indisch;Indien;Indiano;2025-03-31T09:30:42.9482854+00:00
culinary-healthy;culinary;Healthy;Healthy;Sain;Sano;2025-03-31T09:30:42.9342689+00:00
culinary-fish;culinary;Fish/Seafood;Fisch/Seafood;Poissons/fruits de mer;Pesce/Frutti di mare;2025-09-09T17:43:53.1473892+00:00
culinary-american;culinary;American;Amerikanisch;Américain;Americano;2025-03-31T09:30:23.8594001+00:00
culinary-asian;culinary;Asian;Asiatisch;Asiatique;Asiatico;2025-03-31T09:30:27.0223238+00:00
culinary-dessert;culinary;Desserts;Nachspeisen;Desserts;Dolci;2025-03-31T09:30:29.9785388+00:00
dance-modern;dance;Modern;Modern;Moderne;Moderno;2025-03-31T09:30:40.8503799+00:00
culinary-japanese-sushi;culinary;Japanese sushi;Japanisch-sushi;Sushi japonais;Sushi giapponese;2025-03-31T09:31:13.6076295+00:00
dance-ballet;dance;Ballet;Ballett;Ballet;Balletto;2025-03-31T09:30:44.8412336+00:00
dance-show;dance;Show;Show;Montrer;Mostrare;2025-03-31T09:30:54.4961943+00:00
dance-dance-theater;dance;Dance theater;Tanztheater;Danse théâtre;Teatro danza;2025-03-31T09:33:04.738593+00:00
culinary-spanish;culinary;Spanish;Spanisch;Espagnol;Spagnolo;2025-03-31T09:30:44.0438467+00:00
dance-performance;dance;Performance;Performance;Performance;Prestazione;2025-03-31T09:30:38.3484717+00:00
culinary-vegetarian;culinary;Vegetarian;Vegetarisch;Végétarien;Vegetariano;2025-03-31T09:30:35.0223548+00:00
dance-ball;dance;Ball;Ball;Ballon;Palla;2025-03-31T09:30:59.0998048+00:00
languages-chinese;languages;Chinese;Chinesisch;Chinois;Cinese;2025-03-31T09:31:15.6270282+00:00
languages-english;languages;English;Englisch;Anglais;Inglese;2025-03-31T09:31:04.8053609+00:00
life-christmas;life;Christmas;Weihnachten;Noël;Natale;2025-03-31T09:31:17.2532864+00:00
languages-japanese;languages;Japanese;Japanisch;Japonais;Giapponese;2025-03-31T09:31:00.8761892+00:00
life-alpine-experience;life;Alpine experience;Alpenerlebnis;Expérience alpine;Esperienza alpina;2025-03-31T09:31:22.5916145+00:00
languages-hindi;languages;Hindi;Hindi;Hindi;Hindi;2025-03-31T09:31:16.8758476+00:00
life-sleeping-in-the-straw;life;Sleeping in straw;Schlafen im Stroh;Dormir dans la paille;Dormire nella paglia;2025-03-31T09:31:29.1479068+00:00
life-festival;life;Festival;Festival;Fête;Festival;2025-03-31T09:31:02.4681555+00:00
languages-french;languages;French;Französisch;Français;Francese;2025-03-31T09:31:17.7463942+00:00
languages-italian;languages;Italian;Italienisch;Italien;Italiano;2025-03-31T09:31:01.2896296+00:00
life-apres-ski;life;Après Ski;Après Ski;Après-ski;Après Ski;2025-03-31T09:31:21.6849516+00:00
life-nature;life;Nature;Natur;Nature;Natura;2025-03-31T09:31:19.5863401+00:00
life-guided;life;Guided;Geführt;Guidé;Guidato;2025-03-31T09:31:22.1743752+00:00
life-recreation-and-leisure;life;Leisure;Freizeit;Loisir;Tempo libero;2025-03-31T09:31:20.2520938+00:00
life-adventure-farm;life;Adventure farm;Erlebnishof;Ferme d’aventure;Fattoria avventura;2025-03-31T09:31:12.0445339+00:00
music-rap;music;Rap;Rap;Rap;Colpo;2025-03-31T09:32:07.3847027+00:00
music-symphony-orchestra;music;Symphony orchestra;Symphonieorchester;Orchestre symphonique;Orchestra sinfonica;2025-03-31T09:32:21.5224672+00:00
languages-german;languages;German;Deutsch;Allemand;Tedesco;2025-03-31T09:31:02.2358125+00:00
market-street-market;market;Street Market;Strassenmarkt;Marché de rue;Mercato di strada;2025-03-31T09:31:37.1341014+00:00
life-open-air;life;Open;Open-air;Ouvrir;Aperto;2025-03-31T09:31:17.3352705+00:00
music-folk-music;music;Folk music;Volksmusik;Musique folk;Musica popolare;2025-03-31T09:33:20.741913+00:00
life-summer-activities;life;Summer;Sommeraktivitäten;Été;Estate;2025-03-31T09:31:29.57616+00:00
music-techno;music;Techno;Techno;Techno;Techno;2025-03-31T09:32:23.7420644+00:00
music-church;music;Church;Kirchenmusik;Église;Chiesa;2025-03-31T09:31:50.4500281+00:00
music-trance;music;Trance;Trance;Transe;Trance;2025-03-31T09:32:25.8270989+00:00
music-gothic;music;Gothic;Gothic;Gothique;Gotico;2025-03-31T09:32:01.9585262+00:00
music-punk;music;Punk;Punk;Punk;Punk;2025-03-31T09:32:07.2039586+00:00
music-chamber;music;Chamber music;Kammermusik;Musique de chambre;Musica da camera;2025-03-31T09:31:33.4795998+00:00
market-christmas-market;market;Christmas market;Weihnachtsmarkt;Marché de Noël;Mercatino di Natale;2025-03-31T09:31:25.4232337+00:00
music-swing;music;Swing;Swing;Balançoire;Altalena;2025-03-31T09:32:23.0392834+00:00
music-yodel;music;Yodel;Jodel;Iodler;Gorgheggiare;2025-03-31T09:32:27.9540489+00:00
seasonality-winter;seasonality;Winter;Winter;Hiver;Inverno;2025-03-31T09:32:32.4149495+00:00
regional-customs-carnival;regional-customs;Fasnacht;Fasnacht;Fasnacht;Fasnacht;2025-03-31T09:33:31.6243871+00:00
weekdays-wednesday;weekdays;Wednesday;Mittwoch;Mercredi;Mercoledì;2025-03-31T09:33:29.37464+00:00
culinary-gluten-free;culinary;Gluten-free;Glutenfrei;Sans gluten;Senza glutine;2025-03-31T09:30:33.841848+00:00
seasonality-spring;seasonality;Spring;Frühling;Source;Primavera;2025-03-31T09:32:31.2817434+00:00
weekdays-friday;weekdays;Friday;Freitag;Vendredi;Venerdì;2025-03-31T09:33:26.0437594+00:00
culinary-pizza;culinary;Pizza;Pizza;Pizza;Pizza;2025-03-31T09:30:45.4851654+00:00
culinary-streetfood;culinary;Street food;Street-Food;Cuisine de rue;Cibo di strada;2025-03-31T09:30:40.3612698+00:00
culinary-thai;culinary;Thai;Thailändisch;Thaï;Tailandese;2025-03-31T09:30:49.5888834+00:00
transport-rickshaw;transport;Rickshaw;Rikscha;Pousse-pousse;Risciò;2025-03-31T09:32:58.152504+00:00
culinary-oriental;culinary;Oriental;Orientalisch;Oriental;Orientale;2025-03-31T09:30:49.5552479+00:00
culinary-bbq;culinary;BBQ;BBQ;BBQ;Barbecue;2025-03-31T09:30:28.5309074+00:00
culinary-mediterranean;culinary;Mediterranean;Mediterran;Méditerranéen;Mediterraneo;2025-03-31T09:30:38.8268049+00:00
culinary-mexican;culinary;Mexican;Mexikanisch;Mexicain;Messicano;2025-03-31T09:30:43.3687903+00:00
culinary-pasta;culinary;Pasta;Pasta;Pâtes alimentaires;Pasta;2025-03-31T09:30:58.7196553+00:00
transport-transfer;transport;Transfer;Transfer;Transfert;Trasferimento;2025-03-31T09:33:00.60568+00:00
weekdays-saturday;weekdays;Saturday;Samstag;Samedi;Sabato;2025-03-31T09:33:27.7071812+00:00
weekdays-monday;weekdays;Monday;Montag;Lundi;Lunedì;2025-03-31T09:33:28.5463641+00:00
culinary-poke;culinary;Poke;Poke;Piquer;Attizzare;2025-03-31T09:30:42.0157099+00:00
swissness-local-product;swissness;Local Product;Lokal-Produkt;Produit local;Prodotto Locale;2025-03-31T09:33:22.8900952+00:00
culinary-international;culinary;International;International;International;Internazionale;2025-03-31T09:30:46.2093014+00:00
transport-bus;transport;Bus;Bus;Bus;Autobus;2025-03-31T09:32:52.7650659+00:00
culinary-vegan;culinary;Vegan;Vegan;Végétalien;Vegano;2025-03-31T09:30:51.9202196+00:00
life-concert;life;Concert;Konzert;Concert;Concerto;2025-03-31T09:31:20.8423121+00:00
life-mountain;life;Mountain;Berg;Montagne;Montagna;2025-03-31T09:31:28.7254671+00:00
languages-portuguese;languages;Portuguese;Portugiesisch;Portugais;Portoghese;2025-03-31T09:31:02.0036316+00:00
dance-classic;dance;Classic;Klassisch;Classique;Classico;2025-03-31T09:30:51.4707926+00:00
life-holiday-camp;life;Holiday camp;Ferienlager;Camp de vacances;Villaggio turistico;2025-03-31T09:31:17.664758+00:00
languages-spanish;languages;Spanish;Spanisch;Espagnol;Spagnolo;2025-03-31T09:31:03.1802643+00:00
life-outdoor;life;Outdoor;Outdoor;Extérieur;All’aperto;2025-03-31T09:31:22.2715961+00:00
music-baroque;music;Baroque;Barock;Baroque;Barocco;2025-03-31T09:31:37.9486623+00:00
languages-russian;languages;Russian;Russisch;Russe;Russo;2025-03-31T09:31:23.3367784+00:00
market-farmers-market;market;Farmer's Market;Bauernmarkt;Marché fermier;Mercato contadino;2025-03-31T09:31:33.0388102+00:00
weekdays-tuesday;weekdays;Tuesday;Dienstag;Mardi;Martedì;2025-03-31T09:33:28.1554203+00:00
market-flea-market;market;Flea market;Flohmarkt;Marché aux puces;Mercato delle pulci;2025-03-31T09:32:13.9318299+00:00
life-indoor;life;Indoor;Indoor;Intérieur;Interno;2025-03-31T09:31:13.0000746+00:00
market-fair;market;Fair;Jahrmarkt;Juste;Fiera;2025-03-31T09:31:18.1099463+00:00
music-chapel;music;Ländlerkapelle;Ländlerkapelle;Ländlerkapelle;Ländlerkapelle;2025-03-31T09:31:43.9382718+00:00
regional-customs-flag-waving;regional-customs;Flag-waving;Fahnenschwingen;Agitement de drapeau;Sventolare la bandiera;2025-03-31T09:32:28.9115655+00:00
transport-boat;transport;Boat;Boot;Bateau;Barca;2025-03-31T09:32:59.0399918+00:00
weekdays-thursday;weekdays;Thursday;Donnerstag;Jeudi;Giovedì;2025-03-31T09:33:28.9421306+00:00
transport-e-tuktuk;transport;E-TukTuk;E-TukTuk;E-TukTuk;E-TukTuk;2025-03-31T09:32:58.5738786+00:00
life-excursions;life;Destinations;Ausflugsziele;Destinations;Destinazioni;2025-03-31T09:31:22.1567058+00:00
swissness-sustainable-production;swissness;Sustainable production;Nachhaltige-Produktion;Production durable;Produzione sostenibile;2025-03-31T09:33:25.1521952+00:00
music-alphorn;music;Alphorn;Alphorn;Cor des Alpes;Alphorn;2025-03-31T09:31:35.0367451+00:00
seasonality-summer;seasonality;Summer;Sommer;Été;Estate;2025-03-31T09:32:32.2581473+00:00
weekdays-sunday;weekdays;Sunday;Sonntag;Dimanche;Domenica;2025-03-31T09:33:30.7953171+00:00
music-reggaeton;music;Reggaeton;Reggaeton;Reggaeton;Reggaeton;2025-03-31T09:32:16.4879156+00:00
transport-e-bike;transport;E-Bike;E-Bike;Vélo électrique;E-Bike;2025-03-31T09:32:37.0707342+00:00
music-soul;music;Soul;Soul;Âme;Anima;2025-03-31T09:32:18.0759707+00:00
music-house;music;House;House;Maison;Casa;2025-03-31T09:32:03.3035933+00:00
music-electric;music;Electric;Elektro;Électrique;Elettrico;2025-03-31T09:32:04.0040659+00:00
music-rockabilly;music;Rockabilly;Rockabilly;Rockabilly;Rockabilly;2025-03-31T09:32:17.174641+00:00
music-funk;music;Funk;Funk;Funk;Funk;2025-03-31T09:31:58.6666215+00:00
music-metal;music;Metal;Metal;Métal;Metallo;2025-03-31T09:32:06.9535874+00:00
seasonality-autumn;seasonality;Autumn;Herbst;Automne;Autunno;2025-03-31T09:32:30.4463421+00:00
music-hardcore-techno;music;Hardcore Techno;Hardcore-Techno;Hardcore Techno;Hardcore Techno;2025-03-31T09:31:58.160452+00:00
swissness-made-in-switzerland;swissness;Made-in-Switzerland;Made-in-Switzerland;Fabriqué en Suisse;Made in Switzerland;2025-03-31T09:33:24.1842581+00:00
regional-customs-alpine-ascension;regional-customs;Cattle Procession;Alpaufzug;Procession bovine;Processione del bestiame;2025-03-31T09:32:28.4943845+00:00
life-winter-activities;life;Winter;Winteraktivitäten;Hiver;Inverno;2025-03-31T09:31:23.7646297+00:00
music-blues;music;Blues;Blues;Blues;Blues;2025-03-31T09:31:38.5664135+00:00
music-hip-hop;music;Hip-hop;Hip-Hop;Hip-hop;Hip-hop;2025-03-31T09:31:51.7083164+00:00
music-piano;music;Piano;Klavier;Piano;Pianoforte;2025-03-31T09:32:06.7770084+00:00
life-snow-sports;life;Snow sports;Schneesport;Sports de neige;Sport sulla neve;2025-03-31T09:31:22.5943026+00:00
music-country;music;Country;Country;Pays;Paese;2025-03-31T09:31:50.8548713+00:00
music-karaoke;music;Karaoke;Karaoke;Karaoké;Karaoke;2025-03-31T09:32:04.2178487+00:00
music-reggae;music;Reggae;Reggae;Reggae;Reggae;2025-03-31T09:32:14.2499296+00:00
accomodation-luggage-transport;accomodation;Baggage;Gepäcktransport;Bagage;Bagaglio;2025-03-31T09:33:31.2074876+00:00
hiking-alpine-hiking;hiking;Alpine hiking;Alpinwandern;Randonnée alpine;Escursioni alpine;2025-03-31T09:33:42.8344681+00:00
accomodation-accomodation;accomodation;Spend the night;Übernachten;Passez la nuit;Trascorri la notte;2025-06-28T07:17:13.0744246+00:00
hiking-mountain-hiking;hiking;Hiking;Bergwandern;Randonnée;Escursionismo;2025-03-31T09:33:40.1692695+00:00
market-rent;market;Renting;Vermietung;Location;Affitto;2025-03-31T09:33:46.4902733+00:00
market-buy;market;Buy;Kaufen;Acheter;Comprare;2025-03-31T09:33:48.9092934+00:00
hiking-hiking;hiking;Wander;Wandern;Errer;Vagabondare;2025-06-28T07:31:43.1662124+00:00
transport-cable-railway;transport;Mountain railway;Bergbahn;Chemin de fer de montagne;Ferrovia di montagna;2025-03-31T09:33:49.3888614+00:00
audience-info-association;audience-info;association;Veriene/Firmen;Entreprises/Entreprises;Aziende/Aziende;2025-06-28T07:26:14.8383693+00:00
life-wellness;life;Wellness;Wellness;Bien-être;Benessere;2025-03-31T09:33:58.0455112+00:00
general-picnic;general;Picnic area on the way;Picknickplatz unterwegs;Aire de pique-sur le chemin;Area picnic lungo la strada;2025-03-31T09:33:55.7001673+00:00
transport-mobility;transport;Mobility;Mobilität;Mobilité;Mobilità;2025-03-31T09:33:58.0907223+00:00
culinary-winetour;culinary;Wine Tour;Weintour;Visite des vins;Tour del vino;2025-03-31T09:33:58.5041743+00:00
region-central-ch;region;Central;Zentralschweiz;Central;Centrale;2025-03-31T09:34:02.1563402+00:00
culinary-fast-food;culinary;Fast food;Fast-Food;Restauration rapide;Fast food;2024-10-02T09:32:54.7478327+00:00
region-bernese-mountains;region;Bernese Oberland;Berner Oberland;Oberland bernois;Bernese Oberland;2025-03-31T09:34:00.3254159+00:00
region-eastern-ch;region;Eastern switzerland;Ostschweiz;Suisse orientale;Svizzera orientale;2025-03-31T09:34:03.1224977+00:00
region-zuerich;region;Zurich Region;Region Zürich;Région de Zurich;Zurigo Regione;2025-03-31T09:34:02.0073639+00:00
region-zuerichsee;region;Rapperswil Lake Zurich;Rapperswil Zürichsee;Lac de Rapperswil Zurich;Rapperswil Lago di Zurigo;2025-03-31T09:34:02.6319641+00:00
schooltrip-category-kultur-macht-schule;schooltrip-category;Culture sets a precedent;Kultur macht Schule;La culture va à l’école;La cultura va a scuola;2025-03-31T09:34:03.2017858+00:00
transport-onfoot;transport;On foot;Zu Fuss;À pied;A piedi;2025-03-31T09:34:04.6653288+00:00
transport-segway;transport;Segway;Segway;Segway;Segway (Segway);2025-03-31T09:34:03.342913+00:00
pns-at-restaurant-parking;located-at;At Restaurant Parking;Beim Restaurant;Gastronomie;Al parcheggio Ristorante;2025-03-31T09:34:05.9156665+00:00
pns-at-marina;located-at;At marina;Am Jachthafen;Ports de plaisance;Alla marina;2025-03-31T09:34:06.355325+00:00
pns-at-private-house;located-at;At Private house;Bei Privathaus;Chez l’habitant;In Casa Privata;2025-03-31T09:34:06.7079801+00:00
pns-at-farmhouse;located-at;At Farmhouse;Beim Bauernhof;Agrotourisme;Alla Fattoria;2025-03-31T09:34:05.7303118+00:00
pns-nature-spot;located-at;Nature spot;Naturplatz;Au naturel;Posto Naturale;2025-10-26T06:50:42.2544193+00:00
pns-at-campsite;located-at;At Campsite;Beim Campingplatz;Au Camping;Al Campeggio;2025-03-31T09:34:04.8339011+00:00
pns-rv-parking;located-at;RV Parking;Wohnmobilstellplatz;Aires camping-car;Parcheggio RV;2025-03-31T09:34:06.2891738+00:00
pns-at-mountain-railway;located-at;At Mountain Railway;Bei Bergbahn;Près téléphérique;Alla ferrovia di montagna;2025-03-31T09:34:05.5625015+00:00
audience-age-5;audience-age;From 5 years;Ab 5 Jahre;À partir de 5 ans;A partire da 5 anni;2025-03-31T09:34:08.0361603+00:00
audience-age-4;audience-age;From 4 years;Ab 4 Jahre;À partir de 4 ans;A partire da 4 anni;2025-03-31T09:34:07.3127488+00:00
audience-age-2;audience-age;From 2 years;Ab 2 Jahre;À partir de 2 ans;A partire da 2 anni;2025-03-31T09:34:06.7952595+00:00
audience-age-9;audience-age;From 9 years;Ab 9 Jahre;À partir de 9 ans;A partire da 9 anni;2025-03-31T09:34:10.2146776+00:00
audience-age-3;audience-age;From 3 years;Ab 3 Jahre;À partir de 3 ans;A partire da 3 anni;2025-03-31T09:34:07.2096199+00:00
audience-age-7;audience-age;From 7 years;Ab 7 Jahre;À partir de 7 ans;A partire da 7 anni;2025-03-31T09:34:08.0320557+00:00
tourismregion-baselregion;tourismregion;Basel Region;Basel Region;Région bâloise;Regione di Basilea;2025-03-31T09:34:13.048524+00:00
tourismregion-aarauregion;tourismregion;Aarau Region;Aarau Region;Région Argovie;Regione di Aarau;2025-03-31T09:34:10.4022539+00:00
tourismregion-bernregion;tourismregion;Bern Region;Bern Region;Région Berne;Regione di Berna;2025-03-31T09:34:13.5551204+00:00
tourismregion-genf;tourismregion;Geneva;Genf;Genève;Ginevra;2025-03-31T09:34:18.7274998+00:00
tourismregion-genferseegebiet;tourismregion;Lake Geneva Region (Vaud);Genferseegebiet (Waadtland);Région lémanique (Vaud);Regione del Lago di Ginevra (Vaud);2025-03-31T09:34:22.6798956+00:00
tourismregion-jura;tourismregion;Jura & Three-Lakes;Jura & Drei-Seen-Land;Jura & Trois-Lacs;Giura e Tre Laghi;2025-03-31T09:34:26.7916913+00:00
tourismregion-fribourgregion;tourismregion;Fribourg Region;Fribourg Region;Région Fribourg;Regione di Friburgo;2025-03-31T09:34:18.0691276+00:00
tourismregion-ostschweiz;tourismregion;Eastern switzerland;Ostschweiz;Suisse orientale;Svizzera orientale;2025-03-31T09:34:33.9588904+00:00
tourismregion-luzern;tourismregion;Lucerne / Lake Lucerne;Luzern / Vierwaldstättersee;Lucerne / Lac des Quatre-Cantons;Lucerna / Lago dei Quattro Cantoni;2025-03-31T09:34:33.8214977+00:00
tourismregion-tessin;tourismregion;Ticino;Tessin;Tessin;Ticino;2025-03-31T09:34:43.8287234+00:00
tourismregion-wallis;tourismregion;Valais;Wallis;Valais;Vallese;2025-03-31T09:34:50.7056587+00:00
tourismregion-zuerichregion;tourismregion;Zurich Region;Zürich Region;Région zurichoise;Regione di Zurigo;2025-03-31T09:34:51.7030362+00:00
tourismzone-city;tourismzone;City;Grossstadt;Ville;Città;2025-03-31T09:35:00.2514975+00:00
tourismzone-countryside;tourismzone;Land;Land;Terre;Terra;2025-03-31T09:35:10.5640221+00:00
tourismzone-town;tourismzone;Small town;Kleine Stadt;Bourg;Cittadina;2025-03-31T09:35:25.7172083+00:00
tourismregion-graubunden;tourismregion;Graubünden;Graubünden;Grisons;Grigioni;2025-03-31T09:35:26.9648354+00:00
tourismzone-mountains;tourismzone;Mountain;Berg;Montagne;Montagna;2025-03-31T09:35:23.9343696+00:00
image-amenity-bathroom;image-amenity;Bathroom;Badezimmer;Salle de Bains;Stanza da bagno;2025-03-31T09:35:58.6824492+00:00
accomodation;accomodation;Spend the night;Übernachten;Passez la nuit;Trascorri la notte;2025-03-31T09:35:51.0199134+00:00
image-amenity-bed;image-amenity;Bed;Bett;Lit;Letto;2025-03-31T09:35:59.3076352+00:00
hiking;hiking;Wander;Wandern;Errer;Vagabondare;2025-03-31T09:35:55.1063941+00:00
image-amenity-city-view;image-amenity;View of the city;Stadtblick;Ville;Città;2025-03-31T09:36:00.8625601+00:00
image-amenity-coffee-machine;image-amenity;Coffee machine;Kaffeemaschine;Percolateur;Caffettiera;2025-03-31T09:36:01.3183988+00:00
image-amenity-desk;image-amenity;Desk;Arbeitstisch;Établi;Pancone;2025-09-04T16:07:19.4727365+00:00
image-amenity-lake-view;image-amenity;Lake view;Seeblick;Lac;Lago;2025-03-31T09:36:22.1670795+00:00
image-amenity-garden-view;image-amenity;Garden view;Gartenblick;Jardin;Giardino;2025-03-31T09:36:03.0489782+00:00
image-amenity-courtyard-view;image-amenity;View of the courtyard;Blick auf den Innenhof;Vue sur la cour;Veduta del cortile;2025-03-31T09:36:01.894179+00:00
image-amenity-lounge;image-amenity;Lounge;Lounge;Salon;Salotto;2025-03-31T09:36:04.1004611+00:00
image-amenity-river-view;image-amenity;River view;Flussblick;Fleuve;Fiume;2025-03-31T09:36:05.8291901+00:00
image-amenity-mini-fridge;image-amenity;Mini fridge;Minibar;Minibar;Minibar;2025-03-31T09:36:04.8372035+00:00
image-amenity-sitting-area;image-amenity;Sitting area;Sitzgelegenheiten;Sièges;Salotto;2025-03-31T09:36:07.4710223+00:00
image-amenity-mountain-view;image-amenity;Mountain view;Bergblick;Montagnes;Montagne;2025-03-31T09:36:05.3828882+00:00
image-amenity-street-view;image-amenity;View onto the street;Blick auf die Strasse;Vue sur la rue;Veduta della strada;2025-03-31T09:36:07.9626028+00:00
image-amenity-terrace-balcony;image-amenity;Balcony or terrace;Balkon oder Terrasse;Balcon ou terrasse;Balcone o terrazzo;2025-03-31T09:36:08.4185939+00:00
image-amenity-tv;image-amenity;TV;Fernseh;Télévision;Televisione;2025-03-31T09:36:09.9011521+00:00
image-entertainment-childcare-service;image-entertainment;Childcare service;Kinderbetreuung;Garde d’enfants;Assistenza all'infanzia;2025-03-31T09:36:27.4658329+00:00
image-amenity-wardrobe-closet;image-amenity;Wardrobe or closet;Garderobe;Vestiaire;Guardaroba;2025-03-31T09:36:13.4777119+00:00
image-entertainment-playground;image-entertainment;Playground;Spielplatz;Terrain de jeu;Parco giochi;2025-03-31T09:36:11.7327472+00:00
image-entertainment-programme;image-entertainment;Entertainment programme;Unterhaltungsprogramm;Programme d’éclairage;Programma luci;2025-03-31T09:36:13.9582952+00:00
image-event-co-working-space;image-event;Co-working space;Co-Working Zone;Co-Working Zone;Zona di co-working;2025-03-31T09:36:14.4595+00:00
image-entertainment-playroom;image-entertainment;Playroom;Spielzimmer;Salle;Ludoteca;2025-03-31T09:36:12.996814+00:00
image-event-conference-room;image-event;Conference room;Konferenzraum;Salle de conférence;Sala conferenze;2025-03-31T09:36:15.0670089+00:00
image-event-meeting-room;image-event;Meeting room;Meetingraum;Salle de réunion;Sala riunioni;2025-03-31T09:36:16.9349105+00:00
image-food-breakfast-room;image-food;Breakfast room;Frühstücksraum;Salle de petit-déjeuner;Sala colazione;2025-03-31T09:36:19.6606275+00:00
image-food-bar;image-food;Bar;Bar;Bar;Bar;2025-03-31T09:36:19.123059+00:00
image-food-breakfast;image-food;Breakfast;Frühstück;Petit déjeuner;Colazione;2025-03-31T09:36:20.1231624+00:00
image-food-dining-room;image-food;Dining room;Speisesaal;Réfectoire;Refettorio;2025-03-31T09:36:20.6622654+00:00
image-event-wedding-services;image-event;Wedding services;Hochzeitsveranstaltungen;Événements de mariage;Eventi di nozze;2025-03-31T09:36:17.5815746+00:00
image-food-restaurant;image-food;Restaurant;Restaurant;Restaurant;Ristorante;2025-03-31T09:36:22.6347163+00:00
image-indoor-library;image-indoor;Library;Bibliothek;Bibliothèque;Biblioteca;2025-03-31T09:36:25.2907949+00:00
image-food-room-service;image-food;Room service;Zimmerservice;Service en chambre;Servizio in camera;2025-03-31T09:36:23.1573127+00:00
image-food-snack-bar;image-food;Snack bar;Snack Bar;Snack-bar;Tavola calda;2025-03-31T09:36:24.8041226+00:00
image-indoor-entrance;image-indoor;Entrance area;Eingangsbereich;Entrée;Entrata;2025-03-31T09:36:39.4228582+00:00
image-indoor-lounge;image-indoor;Lounge;Lounge;Salon;Salotto;2025-03-31T09:36:25.7752838+00:00
image-indoor-lobby;image-indoor;Lobby;Lobby;Lobby;Atrio;2025-03-31T09:36:38.8988187+00:00
image-indoor-reception;image-indoor;Reception;Rezeption;Réception;Ricevimento;2025-03-31T09:36:43.1506246+00:00
image-outdoor-exterior;image-outdoor;Exterior;Aussenansicht;Dehors;Fuori;2025-03-31T09:36:28.937306+00:00
image-outdoor-garden;image-outdoor;Garden;Garten;Jardin;Giardino;2025-03-31T09:36:30.9264785+00:00
image-sport-bike-storage;image-sport;Bike storage;Bikeraum;Local à vélos;Deposito bici;2025-03-31T09:36:32.1006812+00:00
image-outdoor-terrace-balcony;image-outdoor;Terrace/Balcony;Terrasse/Balkon;Terrasse/Balcon;Terrazza/Balcone;2025-03-31T09:36:31.5182058+00:00
image-sport-fitness-room;image-sport;Fitness Room;Fitness Raum;Salle de fitness;Sala fitness;2025-03-31T09:36:34.2737982+00:00
image-sport-e-bike-charging-stations;image-sport;Charging stations for E-Bike;Aufladestation für E-Bikes;Borne de recharge pour vélos électriques;Stazione di ricarica per e-bike;2025-03-31T09:36:33.8068289+00:00
image-sport-golf-course;image-sport;Golf course;Golfplatz;Terrain de golf;Golf;2025-03-31T09:36:34.8435469+00:00
image-sport-ski-equipment-storage;image-sport;Ski equipment storage;Skiraum;Ski;Sci;2025-03-31T09:36:36.2991358+00:00
image-sport-indoor-swimming-pool;image-sport;Indoor swimming pool;Indoor Swimming Pool;Piscine intérieure;Piscina coperta;2025-03-31T09:36:35.3258662+00:00
image-wellness-relaxation-room;image-wellness;Relaxation room;Ruheraum;Salle de relaxation;Sala relax;2025-03-31T09:36:36.9758441+00:00
image-wellness-steam-bath;image-wellness;Steam bath;Dampfbad;Bain de vapeur;Vapore;2025-03-31T09:36:37.9520598+00:00
image-wellness-sauna;image-wellness;Sauna;Sauna;Sauna;Sauna;2025-03-31T09:36:37.4483937+00:00
image-wellness-thermal-baths;image-wellness;Thermal baths;Thermalbad;Bain thermal;Terme;2025-03-31T09:36:38.4451782+00:00
image-wellness-whirlpool-jacuzzi;image-wellness;Whirlpool or Jacuzzi;Jacuzzi;Jacuzzi;Idromassaggio;2025-03-31T09:36:42.6954991+00:00
image-wellness-treatments;image-wellness;Wellness treatments;Wellness Anwendungen;Soins de bien-être;Trattamenti Benessere;2025-03-31T09:36:39.9826109+00:00
image-sport-outdoor-swimming-pool;image-sport;Outdoor swimming pool;Outdoor Swimming Pool;Piscine extérieure;Piscina all'aperto;2025-03-31T09:36:35.7995455+00:00
image-saisonality-summer;image-saisonality;Summer;Sommer;Été;Estate;2025-03-31T09:38:16.7956555+00:00
areascope-local;areascope;Local;Lokal;Local;Locale;2025-03-31T09:37:35.2407873+00:00
areascope-national;areascope;National;National;National;Nazionale;2025-03-31T09:37:43.2059447+00:00
areascope-regional;areascope;Regional;Regional;Régional;Regionale;2025-03-31T09:36:43.8118782+00:00
image-saisonality-winter;image-saisonality;Winter;Winter;Hiver;Inverno;2025-03-31T09:38:15.9624166+00:00
located-at-city;located-at;City;Stadt;Ville;Città;2025-09-23T12:49:20.5091633+00:00
located-at-lake;located-at;Lake;See;Lac;Lago;2025-09-23T12:49:18.7265636+00:00
located-at-city-centre;located-at;City centre;Stadtzentrum;Centre-ville;Centro;2025-09-23T12:49:19.5486808+00:00
located-at-countryside;located-at;Countryside;Landleben;Campagne;Campagna;2025-09-23T12:49:19.5567344+00:00
located-at-river;located-at;River;Fluss;Fleuve;Fiume;2025-09-23T12:49:18.5354634+00:00
located-at-mountains;located-at;Mountains;Berge;Montagnes;Montagne;2025-09-23T12:49:18.5401083+00:00
located-at-airport;located-at;Airport;Flughafen;Aéroport;Aeroporto;2025-09-23T12:49:18.5339415+00:00
culinary-lactosefree;culinary;Lactose-free;Laktosefrei;Sans lactose;Senza lattosio;2025-03-31T09:37:39.1593605+00:00
culinary-coffeeandcake;culinary;Coffee and cake;Kaffee und Kuchen;Café et gâteau;Caffè e torta;2025-03-31T09:37:34.7383804+00:00
culinary-swiss;culinary;Swiss;Schweizerisch;Suisse;Svizzero;2025-03-31T09:38:00.7335044+00:00
price-range-low;price-range;Low;Niedrig;Faible;Basso;2025-02-24T13:05:15.7728024+00:00
price-range-mid;price-range;Mid;Mittel;Moyen;Medio;2025-02-24T13:05:15.527739+00:00
price-range-high;price-range;High;Hoch;Haut;Alto;2025-02-24T13:05:14.9932777+00:00
trail-summittour;trail;Summit tour;Gipfeltour;Tour du sommet;Tour in vetta;2025-03-31T09:38:18.8999677+00:00
accesssitios-hs-accessiblebreakfastarea;accesssitios-hs;accessible breakfast area;barrierefreier Frühstücksbereich;Espace petit déjeuner accessible en fauteuil roulant;Area colazione priva di barriere architettoniche;2024-10-21T16:01:28.3495189+00:00
accessibility-wheelchair-partiallyaccessible;accessibility;partially wheelchair accessible;eingeschränkt rollstuhlgängig;partiellement accessible en fauteuil roulant;parzialmente accessibile in sedia a rotelle;2024-10-21T16:01:25.0531314+00:00
accesssitios-hs-accessiblehotelroom;accesssitios-hs;accessible rooms;barrierefreies Zimmer;Chambre accessible;Camera priva di barriere architettoniche;2024-10-21T16:01:29.5180973+00:00
accesssitios-hs-accessiblebathroom;accesssitios-hs;accessible bathroom with roll-in shower;barrierefreies Badezimmer;Salle de bains adaptée aux fauteuils roulants;Bagno privo di barriere architettoniche;2024-10-21T16:01:25.9829469+00:00
accesssitios-hs-accessibleindoorpool;accesssitios-hs;accessible indoor pool;Hallenbad barrierefrei;Piscine intérieure adaptée aux fauteuils roulants;Piscina coperta priva di barriere architettoniche;2024-10-21T16:01:30.725968+00:00
accesssitios-hs-accessibleoutdoorpool;accesssitios-hs;accessible outdoor pool;Aussenschwimmbad barrierefrei;Piscine extérieure adaptée aux fauteuils roulants;Piscina all'aperto priva di barriere architettoniche;2024-10-21T16:01:31.6828533+00:00
accesssitios-hs-accessiblepublictoilet;accesssitios-hs;Public toilet wheelchair accessible;rollstuhlgängige öffentliche Toilette;Toilettes publiques adaptées aux fauteuils roulants;Servizi igienici pubblici accessibili alle sedie a rotelle;2024-10-21T16:01:32.6125909+00:00
accesssitios-hs-accessiblepublicarea;accesssitios-hs;Public areas accessible;Öffentliche Bereiche barrierefrei;Espaces publics accessibles en fauteuil roulant;Aree comuni prive di barriere architettoniche;2024-10-18T21:36:09.9574686+00:00
accesssitios-hs-bathtub;accesssitios-hs;Bathtub available;Badewannne vorhanden;Baignoire disponible;Vasca da bagno disponibile;2024-10-18T21:36:10.0852802+00:00
accesssitios-hs-accessiblelift;accesssitios-hs;Wheelchair accessible lift;Lift barrierefrei;Ascenseur accessible;Ascensore privo di barriere architettoniche;2024-10-18T21:36:09.1078462+00:00
accesssitios-hs-bedheight4550;accesssitios-hs;Bed height 45-50 cm;Betthöhe 45–50 cm;Hauteur du lit 45-50 cm;Altezza del letto 45-50 cm;2024-10-18T21:36:10.7890477+00:00
accesssitios-hs-forgroups;accesssitios-hs;suitable for groups;für Gruppen geeignet;approprié pour des groupes;ideale per gruppi;2024-11-04T15:27:50.3021241+00:00
accesssitios-hs-bedheightelectrically;accesssitios-hs;Electrically height-adjustable bed;elektrisch höhenverstellbares Bett;Lit à hauteur réglable électriquement;Letto regolabile elettricamente in altezza;2024-10-21T16:01:32.9247266+00:00
accesssitios-hs-bedunderrunable;accesssitios-hs;Bed usable for hoists;Bett unterfahrbar;Hauteur du bord inférieur du lit d’au moins 13 cm;Letto con spazio libero sotto il letto per inserire il sollevatore;2024-10-18T21:36:10.8377021+00:00
accesssitios-hs-graprails;accesssitios-hs;Handles available;Haltegriffe vorhanden;Barres d’appui disponibles;Maniglie di sostegno disponibili;2024-10-18T21:36:11.7186882+00:00
accesssitios-hs-hearingimpaired;accesssitios-hs;Offers for guests with hearing impairments;Angebote für Gäste mit Hörbehinderung;Offres destinées aux personnes avec handicap auditif;Offerte per ospiti con ipoacusia (sorde o disabilità uditiva);2024-10-18T21:36:11.6500801+00:00
accesssitios-hs-parking;accesssitios-hs;Wheelchair accessible parking space;Rollstuhlparkplatz vorhanden;Place de parc adaptée aux fauteuils roulants;Parcheggio accessibile in sedia a rotelle;2024-10-18T21:36:11.6371349+00:00
accesssitios-hs-partiallyaccessiblehotelroom;accesssitios-hs;partially accessible room;bedingt barrierefreies Zimmer;Chambre partiellement accessible;Camera in parte priva di barriere architettoniche;2024-10-21T16:01:34.6951243+00:00
accesssitios-hs-hotelspitex;accesssitios-hs;Hotelspitex;Hotelspitex;Hotelspitex;Hotelspitex;2024-10-18T21:36:11.6955647+00:00
accesssitios-hs-partiallyaccessiblelift;accesssitios-hs;Lift partly accessible;Lift bedingt barrierefrei;Ascenseur partiellement accessible;Ascensore in parte privo di barriere architettoniche;2024-10-18T21:36:13.540266+00:00
accesssitios-hs-partiallyaccessiblepublicarea;accesssitios-hs;Public areas partially accessible;Öffentliche Bereiche bedingt barrierefrei;Espaces publics partiellement accessibles en fauteuil roulant;Aree comuni in parte prive di barriere architettoniche;2024-10-18T21:36:13.5419174+00:00
accesssitios-hs-partiallyaccessiblepublictoilet;accesssitios-hs;Public toilet partially wheelchair accessible;bedingt rollstuhlgängige öffentliche Toilette;Toilettes publiques partiellement adaptées aux fauteuils roulants;Servizi igienici pubblici con accesso limitato alle sedie a rotelle;2024-10-21T16:01:34.7457022+00:00
accesssitios-hs-showerchair;accesssitios-hs;Shower chair;Duschstuhl;Chaise de douche;Sedia da doccia;2024-10-18T21:36:13.2815314+00:00
accesssitios-hs-poollift;accesssitios-hs;Pool lift available;Pool-Lift vorhanden;Élévateur de piscine disponible;Sollevatore per piscina presente;2024-10-18T21:36:12.5038437+00:00
accesssitios-hs-sideentrance;accesssitios-hs;Access only via side entrance;Zugang nur über Nebeneingang;Accès uniquement par l'entrée secondaire;Accesso solo da ingresso laterale;2024-10-18T21:36:12.6693901+00:00
accesssitios-hs-washbowlunderrunable;accesssitios-hs;accessible washbasin in the hotel room;unterfahrbares Waschbecken im Hotelzimmer;Espace sous le lavabo adapté aux fauteuils roulants dans une chambre d'hôtel;Lavandino adatto a sedia a rotelle;2024-10-21T16:01:34.8610024+00:00
accesssitios-hs-visuallyimpaired;accesssitios-hs;Offers for guests with visual impairments;Angebote für Gäste mit Sehbehinderung;Offres destinés aux personnes avec handicap visuel;Offerte per ospiti ipovedenti;2024-10-18T21:36:13.5029568+00:00
accesssitios-parking-accessible;accesssitios;Parking place wheelchair accessible;Parkplatz rollstuhlgängig;Place de parc accessible en fauteuil roulant;Parcheggio accessibile in sedia a rotelle;2024-10-18T21:36:15.3566406+00:00
accesssitios-inductivehearing;accesssitios;Magnetic loop;Induktionsschleife vorhanden;Boucle magnétique;Sistema a induzione magnetica;2024-10-18T21:36:14.3585784+00:00
accesssitios-hs-wheelchairshuttle;accesssitios-hs;Wheelchair accessible hotel shuttle;Rollstuhlshuttle / -taxi;Service de navette adapté aux fauteuils roulants;Servizio Shuttle/ Taxi accessibile in sedia a rotelle;2024-10-18T21:36:15.1216722+00:00
accesssitios-parking-partiallyaccessible;accesssitios;Parking place partially wheelchair accessible;Parkplatz eingeschränkt rollstuhlgängig;Place de parc partiellement accessible en fauteuil roulant;Parcheggio parzialmente accessibile in sedia a rotelle;2024-10-18T21:36:15.1597792+00:00
accesssitios-parking-inaccessible;accesssitios;Parking place not wheelchair accessible;Parkplatz nicht rollstuhlgängig;Pas de places de stationnement accessibles;Parcheggio non accessibile in sedia a rotelle;2024-10-18T21:36:15.4039635+00:00
accesssitios-service-disabilityhearing;accesssitios;Facilities for persons with hearing impairments;Anlagen / Einrichtungen für Menschen mit Hörbehinderung;Aménagements pour personnes handicapées de l'ouïe;Impianti/strutture per persone con handicap uditivi;2024-10-18T21:36:16.9750227+00:00
accesssitios-service-disabilitycognitive;accesssitios;Facilities for persons with cognitive impairments;Angebot für Menschen mit kognitiver Beeinträchtigung;Aménagements pour personnes avec déficience intellectuelle;Offerta per persone con disturbi cognitivi;2024-10-18T21:36:15.1479132+00:00
accesssitios-service-disabilityvisual;accesssitios;Facilities for persons with visual impairments;Anlagen / Einrichtungen für Menschen mit Sehbehinderung;Aménagements pour personnes handicapées de la vue;Impianti/strutture per persone con handicap visivi;2024-10-18T21:36:16.0396035+00:00
accesssitios-toilet-accessible;accesssitios;Toilets wheelchair accessible;WC rollstuhlgängig;Toilettes accessibles en fauteuil roulant;WC accessibile in sedia a rotelle;2024-10-18T21:36:16.7886479+00:00
accesssitios-signlanguage;accesssitios;Offer in sign language;Angebot in Gebärdensprache;Offres en langue des signes;Offerta nella lingua dei segni;2024-10-18T21:36:15.9733389+00:00
accesssitios-toilet-inaccessible;accesssitios;Toilets not wheelchair accessible;WC nicht rollstuhlgängig;Toilettes non accessibles en fauteuil roulant;WC non accessibile in sedia a rotelle;2024-10-18T21:36:17.1384182+00:00
accesssitios-toilet-partiallyaccessible;accesssitios;Toilets partially wheelchair accessible;WC eingeschränkt rollstuhlgängig;Toilettes partiellement accessibles en fauteuil roulant;WC parzialmente accessibile in sedia a rotelle;2024-10-18T21:36:16.2216081+00:00
accesssitios-wheelchair-accessible;accesssitios;Wheelchair accessible;rollstuhlgängig;accessible en fauteuil roulant;accessibile in sedia a rotelle;2024-10-21T16:01:37.1466767+00:00
accesssitios-wheelchair-inaccessbile;accesssitios;not wheelchair accessible;nicht rollstuhlgängig;non accessible en fauteuil roulant;non accessibile in sedia a rotelle;2024-10-21T16:01:36.262454+00:00
accesssitios-wheelchair-partiallyaccessible;accesssitios;partially wheelchair accessible;eingeschränkt rollstuhlgängig;partiellement accessible en fauteuil roulant;parzialmente accessibile in sedia a rotelle;2024-10-21T16:01:37.8951288+00:00
accesssitios-walkingdisability-accessible;accesssitios;accessible for persons with walking impediments;zugänglich für Menschen mit einer Gehbehinderung;accessible pour personnes avec handicap de la marche;accessibile alle persone con difficoltà di deambulazione;2024-10-21T16:01:34.991543+00:00
tso_gratis-tso-test;campaign;gratis TSO Test;gratis TSO Test;gratis TSO Test;gratis TSO Test;2025-02-17T07:32:09.9320159+00:00
tso_gratis-test;campaign;gratis Test;gratis Test;gratis Test;gratis Test;2025-02-17T07:32:11.3357765+00:00
price-range-event-package-300;price-range-event-package;Package without overnight: more than CHF 301;Pauschale ohne Übernachtung: über CHF 301;Forfait sans nuitée : plus de CHF 301;Pacchetto senza pernottamento: oltre CHF 301.–;2025-10-20T15:02:08.5798959+00:00
price-range-event-package-overnight-200;price-range-event-package-overnight;Package with overnight: 200-300 CHF;Pauschale mit Übernachtung: 200-300 CHF;Forfait avec nuitée : 200-300 CHF;Pacchetto con pernottamento: 200-300 CHF;2025-10-20T15:02:10.2914871+00:00
price-range-event-package-150;price-range-event-package;Package without overnight: 151 - 200 CHF;Pauschale ohne Übernachtung: 151 - 200 CHF;Forfait sans nuitée : 151 - 200 CHF;Pacchetto senza pernottamento: 151 - 200 CHF;2025-10-20T15:02:09.1108574+00:00
price-range-event-package-200;price-range-event-package;Package without overnight: 201 - 300 CHF;Pauschale ohne Übernachtung: 201 - 300 CHF;Forfait sans nuitée : 201 - 300 CHF;Pacchetto senza pernottamento: 201 - 300 CHF;2025-10-20T15:02:08.6141683+00:00
price-range-event-package-80;price-range-event-package;Package without overnight: 80 - 150 CHF;Pauschale ohne Übernachtung: 80 - 150 CHF;Forfait sans nuitée : 80 - 150 CHF;Pacchetto senza pernottamento: 80 - 150 CHF;2025-10-20T15:02:10.3418476+00:00
price-range-event-package-overnight-450;price-range-event-package-overnight;Package with overnight: more than CHF 451;Pauschale mit Übernachtung: über CHF 451;Forfait avec nuitée : plus de CHF 451;Pacchetto con pernottamento: oltre CHF 451.–;2025-10-20T15:02:08.7214401+00:00
price-range-event-package-overnight-300;price-range-event-package-overnight;Package with overnight: 301 - 450 CHF;Pauschale mit Übernachtung: 301 - 450 CHF;Forfait avec nuitée : 301 - 450 CHF;Pacchetto con pernottamento: 301 - 450 CHF;2025-10-20T15:02:09.0441764+00:00
profile-culture-5;profile-culture;Culture high;Kultur hoch;Élevée culturelle;Cultura alta;2025-02-24T12:59:06.8542497+00:00
profile-culture-3;profile-culture;Culture medium;Kultur mittel;Milieu de culture;Terreno di coltura;2025-02-24T12:59:06.393519+00:00
profile-enjoyment-3;profile-enjoyment;Enjoyment medium;Genuss mittel;Stimulant;Stimolanti;2025-02-27T08:47:47.7175447+00:00
profile-culture-1;profile-culture;Culture low;Kultur niedrig;Culture faible;Cultura bassa;2025-02-24T12:59:05.3275153+00:00
profile-fun-3;profile-fun;Fun medium;Spass mittel;Média amusant;Mezzo divertente;2025-02-24T12:54:59.1307257+00:00
profile-relaxation-3;profile-relaxation;Relaxation medium;Entspannung mittel;Milieu de relaxation;Mezzo di rilassamento;2025-02-24T12:59:10.6033449+00:00
profile-sport-3;profile-sport;Sport medium;Sport mittel;Sport moyen;Mezzo sportivo;2025-02-24T12:59:44.0359824+00:00
tso_test-projekt-tso-ost;campaign;Test Projekt TSO OST;Test Projekt TSO OST;Test Projekt TSO OST;Test Projekt TSO OST;2025-02-24T09:57:14.0665627+00:00
tso_test2-tso;campaign;test2_tso;test2_tso;test2_tso;test2_tso;2025-07-02T02:53:18.7140771+00:00
seasonality-year-round;seasonality;Perennial;Ganzjährig;Pérenne;Perenne;2025-03-13T21:43:20.4260118+00:00
atmosphere-arena;atmosphere;arena;Arena;Arène;Arena;2025-09-23T12:47:34.1991523+00:00
atmosphere-leisure;atmosphere;leisure;Freizeit;Loisir;Tempo libero;2025-09-23T12:47:34.184177+00:00
atmosphere-classic;atmosphere;classic;Klassisch;Classique;Classico;2025-09-23T12:47:34.8397152+00:00
atmosphere-historic;atmosphere;historic;Historisch;Historique;Storico;2025-09-23T12:47:34.1054164+00:00
atmosphere-industrial;atmosphere;industrial;Industrial;Industriel;Industriale;2025-09-23T12:47:34.2049886+00:00
atmosphere-rustic;atmosphere;rustic;Urchig;Urchig;Urchig;2025-09-23T12:47:35.8911453+00:00
atmosphere-outdoor;atmosphere;outdoor;Outdoor;Extérieur;All’aperto;2025-09-23T12:47:35.356701+00:00
audience-info-beginner;audience-info;Beginner;Beginner;Débutant;Principiante;2025-05-22T22:01:36.477828+00:00
atmosphere-theater;atmosphere;theaterhall;Theatersaal;Auditorium;Auditorio;2025-09-23T12:47:36.0505703+00:00
audience-info-residents;audience-info;Native;Einheimisch;Indigène;Nativo;2025-05-22T22:01:37.5166599+00:00
atmosphere-modern;atmosphere;modern;Modern;Moderne;Moderno;2025-09-23T12:47:34.8371207+00:00
audience-info-instructor;audience-info;Ski instructor;Skilehrer;Moniteur de ski;Maestro di sci;2025-05-22T22:01:41.6191389+00:00
tso_ost-test-views;campaign;OST Test Views;OST Test Views;OST Test Views;OST Test Views;2025-05-26T07:53:11.4916009+00:00
image-event-venue;image-event;Venue;Veranstaltungsort;Lieu;Sede;2025-06-19T21:04:06.9629619+00:00
image-bathroom;image;Bathroom;Badezimmer;Salle de Bains;Stanza da bagno;2025-06-28T07:32:42.1783856+00:00
image-entrance;image;Entrance;Eingang;Entrée;Entrata;2025-06-28T07:33:00.1764992+00:00
image-outdoor-exterior-autumn;image-outdoor;Exterior autumn;Aussenansicht Herbst;Vue extérieure de l’automne;Vista esterna dell'autunno;2025-06-28T07:33:36.4087472+00:00
image-outdoor-exterior-spring;image-outdoor;Exterior spring;Aussenansich Frühling;À l’extérieur du printemps;Primavera esterna;2025-06-28T07:33:48.2922234+00:00
image-outdoor-exterior-summer;image-outdoor;Exterior summer;Aussenansicht Sommer;Vue extérieure été;Vista esterna estate;2025-06-28T07:33:48.295074+00:00
image-outdoor-exterior-winter;image-outdoor;Exterior winter;Aussenansicht Winter;Vue extérieure hiver;Vista esterna inverno;2025-06-28T07:33:57.925976+00:00
image-reception;image;Reception;Rezeption;Réception;Ricevimento;2025-06-28T07:34:13.1416746+00:00
life-après-ski;life;Après Ski;Après Ski;Après-ski;Après Ski;2025-06-28T07:34:48.315728+00:00
school-level-secondary-second grade;school-level;2. Secondary education;2. Sekundarstufe;2. Enseignement secondaire;2. Istruzione secondaria;2025-06-28T07:43:28.9621048+00:00
school-level-secondary-first grade;school-level;1. Secondary education;1. Sekundarstufe;1. Enseignement secondaire;1. Istruzione secondaria;2025-06-28T07:43:28.9635468+00:00
culinary-african;culinary;Africa;Afrika;Afrique;Africa;2025-09-09T17:43:55.0325372+00:00
culinary-catering;culinary;Catering service;Catering-Service;Service traiteur;Servizio catering;2025-09-09T17:43:56.9147496+00:00
culinary-iberian;culinary;Iberian specialties;Iberische Spezialitäten;Spécialités ibériques;Specialità iberiche;2025-09-09T17:44:00.0846906+00:00
culinary-vietnam;culinary;Vietnam;Vietnam;Viêt Nam;Vietnam;2025-09-09T17:44:03.2946089+00:00
culinary-takeaway;culinary;Takeaway;Takeaway;Emporter;Da asporto;2025-09-09T17:44:03.482527+00:00
culinary-turkish;culinary;Turkish specialties;Türkische Spezialitäten;Spécialités turques;Specialità turche;2025-09-09T17:44:04.9029643+00:00
culinary-northafrica;culinary;North African specialties;Nordafrikanische Spezialitäten;Spécialités nord-africaines;Specialità nordafricane;2025-09-09T17:44:03.5698585+00:00
culinary-delivery;culinary;Delivery service;Lieferdienst;Service de livraison;Servizio di consegna;2025-09-09T17:44:04.9332255+00:00
culinary-centralamerica;culinary;Central America;Mittelamerika;Amérique centrale;America centrale;2025-09-09T17:44:06.9612831+00:00
culinary-homestyle;culinary;Home-style;Gutbürgerlich;Style maison;Stile casalingo;2025-09-09T17:44:08.8688406+00:00
culinary-china;culinary;Chinese;Chinesisch;Chinois;Cinese;2025-09-09T17:44:09.9475337+00:00
culinary-fusion;culinary;Fusion Cuisine;Fusion Cuisine;Fusion Cuisine;Cucina Fusion;2025-09-09T17:44:11.1116149+00:00
culinary-persian;culinary;Persian;Persisch;Perse;Farsi;2025-09-09T17:44:13.2077342+00:00
atmosphere-water;atmosphere;at waterside;Am Wasser;Près de l’eau;Vicino all'acqua;2025-09-23T12:47:34.2456936+00:00
atmosphere-rural;atmosphere;rural;Ländlich;Rural;Rurale;2025-09-23T12:47:36.0330234+00:00
tso_test-tag-1;campaign;Test Tag 1;Test Tag 1;Test Tag 1;Test Tag 1;2025-11-03T11:08:06.2722575+00:00
tso_test-tag-2;campaign;Test Tag 2;Test Tag 2;Test Tag 2;Test Tag 2;2025-11-03T11:08:05.6553625+00:00
tso_test-tag-3;campaign;Test Tag 3;Test Tag 3;Test Tag 3;Test Tag 3;2025-11-03T11:08:13.41452+00:00
